group,Avg Valuation (USD),Avg Total Funding (USD M),Avg Employees
avg_pred != 1,52550430.6564759,11.241065824332587,34.35898529098273
avg_pred == 1,104630675.09836066,47.139,86.76190476190476
